Timestamp,Vehicle ID,Speed (km/h)
20250404_132528,4,51.0,snapshots\vehicle_4_20250404_132528.jpg
20250404_132528,4,53.8,snapshots\vehicle_4_20250404_132528.jpg
20250404_132528,4,58.0,snapshots\vehicle_4_20250404_132528.jpg
20250404_132528,4,63.3,snapshots\vehicle_4_20250404_132528.jpg
20250404_132529,4,64.8,snapshots\vehicle_4_20250404_132529.jpg
20250404_132529,4,65.3,snapshots\vehicle_4_20250404_132529.jpg
20250404_132529,4,82.5,snapshots\vehicle_4_20250404_132529.jpg
20250404_132529,4,92.5,snapshots\vehicle_4_20250404_132529.jpg
20250404_132529,4,99.4,snapshots\vehicle_4_20250404_132529.jpg
20250404_132529,4,104.0,snapshots\vehicle_4_20250404_132529.jpg
20250404_132529,4,104.6,snapshots\vehicle_4_20250404_132529.jpg
20250404_132529,4,104.6,snapshots\vehicle_4_20250404_132529.jpg
20250404_132529,4,104.2,snapshots\vehicle_4_20250404_132529.jpg
20250404_132529,4,104.1,snapshots\vehicle_4_20250404_132529.jpg
20250404_132529,4,104.1,snapshots\vehicle_4_20250404_132529.jpg
20250404_132529,4,104.1,snapshots\vehicle_4_20250404_132529.jpg
20250404_132530,4,104.1,snapshots\vehicle_4_20250404_132530.jpg
20250404_132530,4,104.1,snapshots\vehicle_4_20250404_132530.jpg
20250404_132530,4,104.1,snapshots\vehicle_4_20250404_132530.jpg
20250404_132530,4,104.1,snapshots\vehicle_4_20250404_132530.jpg
20250404_132530,4,104.1,snapshots\vehicle_4_20250404_132530.jpg
20250404_132530,4,104.1,snapshots\vehicle_4_20250404_132530.jpg
20250404_132530,4,104.1,snapshots\vehicle_4_20250404_132530.jpg
20250404_132530,4,104.1,snapshots\vehicle_4_20250404_132530.jpg
20250404_132957,4,51.0,snapshots\vehicle_4_20250404_132957.jpg
20250404_132957,4,53.8,snapshots\vehicle_4_20250404_132957.jpg
20250404_132957,4,58.0,snapshots\vehicle_4_20250404_132957.jpg
20250404_132957,4,63.3,snapshots\vehicle_4_20250404_132957.jpg
20250404_132957,4,64.8,snapshots\vehicle_4_20250404_132957.jpg
20250404_132957,4,65.3,snapshots\vehicle_4_20250404_132957.jpg
20250404_132958,4,82.5,snapshots\vehicle_4_20250404_132958.jpg
20250404_132958,4,92.5,snapshots\vehicle_4_20250404_132958.jpg
20250404_132958,4,99.4,snapshots\vehicle_4_20250404_132958.jpg
20250404_132958,4,104.0,snapshots\vehicle_4_20250404_132958.jpg
20250404_132958,4,104.6,snapshots\vehicle_4_20250404_132958.jpg
20250404_132958,4,104.6,snapshots\vehicle_4_20250404_132958.jpg
20250404_132958,4,104.2,snapshots\vehicle_4_20250404_132958.jpg
20250404_132958,4,104.1,snapshots\vehicle_4_20250404_132958.jpg
20250404_132958,4,104.1,snapshots\vehicle_4_20250404_132958.jpg
20250404_132958,4,104.1,snapshots\vehicle_4_20250404_132958.jpg
20250404_132958,4,104.1,snapshots\vehicle_4_20250404_132958.jpg
20250404_132958,4,104.1,snapshots\vehicle_4_20250404_132958.jpg
20250404_132958,4,104.1,snapshots\vehicle_4_20250404_132958.jpg
20250404_132959,4,104.1,snapshots\vehicle_4_20250404_132959.jpg
20250404_132959,4,104.1,snapshots\vehicle_4_20250404_132959.jpg
20250404_132959,4,104.1,snapshots\vehicle_4_20250404_132959.jpg
20250404_132959,4,104.1,snapshots\vehicle_4_20250404_132959.jpg
20250404_132959,4,104.1,snapshots\vehicle_4_20250404_132959.jpg
20250404_133012,6,52.4,snapshots\vehicle_6_20250404_133012.jpg
20250404_133012,6,57.3,snapshots\vehicle_6_20250404_133012.jpg
20250404_133012,6,62.3,snapshots\vehicle_6_20250404_133012.jpg
20250404_133012,6,67.8,snapshots\vehicle_6_20250404_133012.jpg
20250404_133012,6,69.5,snapshots\vehicle_6_20250404_133012.jpg
20250404_133012,6,69.5,snapshots\vehicle_6_20250404_133012.jpg
20250404_133012,8,51.8,snapshots\vehicle_8_20250404_133012.jpg
20250404_133012,6,67.8,snapshots\vehicle_6_20250404_133012.jpg
20250404_133012,8,55.4,snapshots\vehicle_8_20250404_133012.jpg
20250404_133013,6,66.8,snapshots\vehicle_6_20250404_133013.jpg
20250404_133013,8,59.6,snapshots\vehicle_8_20250404_133013.jpg
20250404_133013,6,66.2,snapshots\vehicle_6_20250404_133013.jpg
20250404_133013,8,64.4,snapshots\vehicle_8_20250404_133013.jpg
20250404_133013,6,65.1,snapshots\vehicle_6_20250404_133013.jpg
20250404_133013,8,65.4,snapshots\vehicle_8_20250404_133013.jpg
20250404_133013,6,62.3,snapshots\vehicle_6_20250404_133013.jpg
20250404_133013,8,65.1,snapshots\vehicle_8_20250404_133013.jpg
20250404_133013,6,61.4,snapshots\vehicle_6_20250404_133013.jpg
20250404_133013,8,63.6,snapshots\vehicle_8_20250404_133013.jpg
20250404_133013,6,61.2,snapshots\vehicle_6_20250404_133013.jpg
20250404_133013,8,61.4,snapshots\vehicle_8_20250404_133013.jpg
20250404_133013,18,53.7,snapshots\vehicle_18_20250404_133013.jpg
20250404_133013,6,61.1,snapshots\vehicle_6_20250404_133013.jpg
20250404_133013,8,59.1,snapshots\vehicle_8_20250404_133013.jpg
20250404_133013,18,58.8,snapshots\vehicle_18_20250404_133013.jpg
20250404_133013,6,61.1,snapshots\vehicle_6_20250404_133013.jpg
20250404_133013,8,57.2,snapshots\vehicle_8_20250404_133013.jpg
20250404_133013,18,60.3,snapshots\vehicle_18_20250404_133013.jpg
20250404_133013,6,61.1,snapshots\vehicle_6_20250404_133013.jpg
20250404_133013,8,54.8,snapshots\vehicle_8_20250404_133013.jpg
20250404_133013,18,60.8,snapshots\vehicle_18_20250404_133013.jpg
20250404_133013,6,61.1,snapshots\vehicle_6_20250404_133013.jpg
20250404_133013,8,51.6,snapshots\vehicle_8_20250404_133013.jpg
20250404_133013,18,60.9,snapshots\vehicle_18_20250404_133013.jpg
20250404_133013,6,61.1,snapshots\vehicle_6_20250404_133013.jpg
20250404_133013,18,61.0,snapshots\vehicle_18_20250404_133013.jpg
20250404_133013,22,142.8,snapshots\vehicle_22_20250404_133013.jpg
20250404_133013,6,61.1,snapshots\vehicle_6_20250404_133013.jpg
20250404_133013,18,61.0,snapshots\vehicle_18_20250404_133013.jpg
20250404_133013,22,129.9,snapshots\vehicle_22_20250404_133013.jpg
20250404_133013,6,61.1,snapshots\vehicle_6_20250404_133013.jpg
20250404_133013,18,61.0,snapshots\vehicle_18_20250404_133013.jpg
20250404_133013,22,120.4,snapshots\vehicle_22_20250404_133013.jpg
20250404_133014,6,61.1,snapshots\vehicle_6_20250404_133014.jpg
20250404_133014,18,61.0,snapshots\vehicle_18_20250404_133014.jpg
20250404_133014,22,107.2,snapshots\vehicle_22_20250404_133014.jpg
20250404_133014,18,61.0,snapshots\vehicle_18_20250404_133014.jpg
20250404_133014,22,95.4,snapshots\vehicle_22_20250404_133014.jpg
20250404_133014,18,61.0,snapshots\vehicle_18_20250404_133014.jpg
20250404_133014,22,87.9,snapshots\vehicle_22_20250404_133014.jpg
20250404_133014,18,61.0,snapshots\vehicle_18_20250404_133014.jpg
20250404_133014,22,83.1,snapshots\vehicle_22_20250404_133014.jpg
20250404_133014,22,79.2,snapshots\vehicle_22_20250404_133014.jpg
20250404_133014,22,66.3,snapshots\vehicle_22_20250404_133014.jpg
20250404_133014,22,62.8,snapshots\vehicle_22_20250404_133014.jpg
20250404_133014,22,61.7,snapshots\vehicle_22_20250404_133014.jpg
20250404_133014,22,61.4,snapshots\vehicle_22_20250404_133014.jpg
20250404_133014,22,61.3,snapshots\vehicle_22_20250404_133014.jpg
20250404_133014,22,61.3,snapshots\vehicle_22_20250404_133014.jpg
20250404_133014,23,51.3,snapshots\vehicle_23_20250404_133014.jpg
20250404_133014,22,61.3,snapshots\vehicle_22_20250404_133014.jpg
20250404_133015,22,61.3,snapshots\vehicle_22_20250404_133015.jpg
20250404_133015,22,61.3,snapshots\vehicle_22_20250404_133015.jpg
20250404_133015,23,53.7,snapshots\vehicle_23_20250404_133015.jpg
20250404_133015,22,61.3,snapshots\vehicle_22_20250404_133015.jpg
20250404_133015,23,54.3,snapshots\vehicle_23_20250404_133015.jpg
20250404_133015,22,61.3,snapshots\vehicle_22_20250404_133015.jpg
20250404_133015,23,53.6,snapshots\vehicle_23_20250404_133015.jpg
20250404_133015,22,61.3,snapshots\vehicle_22_20250404_133015.jpg
20250404_133015,23,53.8,snapshots\vehicle_23_20250404_133015.jpg
20250404_133015,23,53.8,snapshots\vehicle_23_20250404_133015.jpg
20250404_133015,16,50.2,snapshots\vehicle_16_20250404_133015.jpg
20250404_133015,23,53.8,snapshots\vehicle_23_20250404_133015.jpg
20250404_133015,16,53.0,snapshots\vehicle_16_20250404_133015.jpg
20250404_133015,23,53.8,snapshots\vehicle_23_20250404_133015.jpg
20250404_133015,16,57.0,snapshots\vehicle_16_20250404_133015.jpg
20250404_133015,23,53.8,snapshots\vehicle_23_20250404_133015.jpg
20250404_133015,16,61.2,snapshots\vehicle_16_20250404_133015.jpg
20250404_133015,23,78.5,snapshots\vehicle_23_20250404_133015.jpg
20250404_133015,16,66.8,snapshots\vehicle_16_20250404_133015.jpg
20250404_133015,23,85.5,snapshots\vehicle_23_20250404_133015.jpg
20250404_133015,16,68.2,snapshots\vehicle_16_20250404_133015.jpg
20250404_133015,23,87.6,snapshots\vehicle_23_20250404_133015.jpg
20250404_133015,16,64.6,snapshots\vehicle_16_20250404_133015.jpg
20250404_133015,23,88.2,snapshots\vehicle_23_20250404_133015.jpg
20250404_133016,16,61.5,snapshots\vehicle_16_20250404_133016.jpg
20250404_133016,23,88.4,snapshots\vehicle_23_20250404_133016.jpg
20250404_133016,16,60.2,snapshots\vehicle_16_20250404_133016.jpg
20250404_133016,23,88.5,snapshots\vehicle_23_20250404_133016.jpg
20250404_133016,16,57.6,snapshots\vehicle_16_20250404_133016.jpg
20250404_133016,23,88.5,snapshots\vehicle_23_20250404_133016.jpg
20250404_133016,16,56.8,snapshots\vehicle_16_20250404_133016.jpg
20250404_133016,23,88.5,snapshots\vehicle_23_20250404_133016.jpg
20250404_133016,16,56.6,snapshots\vehicle_16_20250404_133016.jpg
20250404_133016,23,88.5,snapshots\vehicle_23_20250404_133016.jpg
20250404_133016,16,56.5,snapshots\vehicle_16_20250404_133016.jpg
20250404_133016,23,88.5,snapshots\vehicle_23_20250404_133016.jpg
20250404_133016,16,56.5,snapshots\vehicle_16_20250404_133016.jpg
20250404_133016,23,88.5,snapshots\vehicle_23_20250404_133016.jpg
20250404_133016,16,56.5,snapshots\vehicle_16_20250404_133016.jpg
20250404_133016,23,88.5,snapshots\vehicle_23_20250404_133016.jpg
20250404_133016,16,56.5,snapshots\vehicle_16_20250404_133016.jpg
20250404_133016,11,50.4,snapshots\vehicle_11_20250404_133016.jpg
20250404_133016,16,56.5,snapshots\vehicle_16_20250404_133016.jpg
20250404_133016,26,53.5,snapshots\vehicle_26_20250404_133016.jpg
20250404_133016,11,54.6,snapshots\vehicle_11_20250404_133016.jpg
20250404_133016,16,56.5,snapshots\vehicle_16_20250404_133016.jpg
20250404_133016,26,57.8,snapshots\vehicle_26_20250404_133016.jpg
20250404_133016,11,59.1,snapshots\vehicle_11_20250404_133016.jpg
20250404_133016,16,56.5,snapshots\vehicle_16_20250404_133016.jpg
20250404_133016,26,62.3,snapshots\vehicle_26_20250404_133016.jpg
20250404_133016,11,63.2,snapshots\vehicle_11_20250404_133016.jpg
20250404_133016,16,56.5,snapshots\vehicle_16_20250404_133016.jpg
20250404_133016,26,66.0,snapshots\vehicle_26_20250404_133016.jpg
20250404_133017,11,63.8,snapshots\vehicle_11_20250404_133017.jpg
20250404_133017,26,68.8,snapshots\vehicle_26_20250404_133017.jpg
20250404_133017,11,63.1,snapshots\vehicle_11_20250404_133017.jpg
20250404_133017,26,72.5,snapshots\vehicle_26_20250404_133017.jpg
20250404_133017,11,61.8,snapshots\vehicle_11_20250404_133017.jpg
20250404_133017,26,76.3,snapshots\vehicle_26_20250404_133017.jpg
20250404_133017,11,63.0,snapshots\vehicle_11_20250404_133017.jpg
20250404_133017,26,78.3,snapshots\vehicle_26_20250404_133017.jpg
20250404_133017,11,64.4,snapshots\vehicle_11_20250404_133017.jpg
20250404_133017,26,77.4,snapshots\vehicle_26_20250404_133017.jpg
20250404_133017,11,63.5,snapshots\vehicle_11_20250404_133017.jpg
20250404_133017,26,75.0,snapshots\vehicle_26_20250404_133017.jpg
20250404_133017,11,61.0,snapshots\vehicle_11_20250404_133017.jpg
20250404_133017,26,73.1,snapshots\vehicle_26_20250404_133017.jpg
20250404_133017,11,58.4,snapshots\vehicle_11_20250404_133017.jpg
20250404_133017,26,71.4,snapshots\vehicle_26_20250404_133017.jpg
20250404_133017,11,56.5,snapshots\vehicle_11_20250404_133017.jpg
20250404_133017,26,70.9,snapshots\vehicle_26_20250404_133017.jpg
20250404_133017,11,55.9,snapshots\vehicle_11_20250404_133017.jpg
20250404_133017,26,70.8,snapshots\vehicle_26_20250404_133017.jpg
20250404_133017,11,55.7,snapshots\vehicle_11_20250404_133017.jpg
20250404_133017,26,70.7,snapshots\vehicle_26_20250404_133017.jpg
20250404_133017,11,55.7,snapshots\vehicle_11_20250404_133017.jpg
20250404_133017,26,70.7,snapshots\vehicle_26_20250404_133017.jpg
20250404_133018,11,55.7,snapshots\vehicle_11_20250404_133018.jpg
20250404_133018,26,70.7,snapshots\vehicle_26_20250404_133018.jpg
20250404_133018,11,55.7,snapshots\vehicle_11_20250404_133018.jpg
20250404_133018,26,70.7,snapshots\vehicle_26_20250404_133018.jpg
20250404_133018,11,55.7,snapshots\vehicle_11_20250404_133018.jpg
20250404_133018,26,70.7,snapshots\vehicle_26_20250404_133018.jpg
20250404_133018,11,55.7,snapshots\vehicle_11_20250404_133018.jpg
20250404_133018,26,70.7,snapshots\vehicle_26_20250404_133018.jpg
20250404_133018,11,55.7,snapshots\vehicle_11_20250404_133018.jpg
20250404_133018,26,70.7,snapshots\vehicle_26_20250404_133018.jpg
20250404_133018,11,55.7,snapshots\vehicle_11_20250404_133018.jpg
20250404_133018,26,70.7,snapshots\vehicle_26_20250404_133018.jpg
20250404_133018,11,55.7,snapshots\vehicle_11_20250404_133018.jpg
20250404_133018,19,55.1,snapshots\vehicle_19_20250404_133018.jpg
20250404_133018,19,59.8,snapshots\vehicle_19_20250404_133018.jpg
20250404_133018,19,61.2,snapshots\vehicle_19_20250404_133018.jpg
20250404_133018,19,71.4,snapshots\vehicle_19_20250404_133018.jpg
20250404_133018,19,78.0,snapshots\vehicle_19_20250404_133018.jpg
20250404_133018,19,80.0,snapshots\vehicle_19_20250404_133018.jpg
20250404_133019,19,80.6,snapshots\vehicle_19_20250404_133019.jpg
20250404_133019,19,87.9,snapshots\vehicle_19_20250404_133019.jpg
20250404_133019,19,90.4,snapshots\vehicle_19_20250404_133019.jpg
20250404_133019,19,91.2,snapshots\vehicle_19_20250404_133019.jpg
20250404_133019,19,91.4,snapshots\vehicle_19_20250404_133019.jpg
20250404_133019,19,91.5,snapshots\vehicle_19_20250404_133019.jpg
20250404_133019,19,91.5,snapshots\vehicle_19_20250404_133019.jpg
20250404_133019,19,91.5,snapshots\vehicle_19_20250404_133019.jpg
20250404_133019,19,91.5,snapshots\vehicle_19_20250404_133019.jpg
20250404_133019,19,91.5,snapshots\vehicle_19_20250404_133019.jpg
20250404_133019,19,91.5,snapshots\vehicle_19_20250404_133019.jpg
20250404_133019,19,91.5,snapshots\vehicle_19_20250404_133019.jpg
20250404_133019,19,91.5,snapshots\vehicle_19_20250404_133019.jpg
20250404_133020,21,51.1,snapshots\vehicle_21_20250404_133020.jpg
20250404_133020,21,54.5,snapshots\vehicle_21_20250404_133020.jpg
20250404_133020,21,58.0,snapshots\vehicle_21_20250404_133020.jpg
20250404_133020,21,61.3,snapshots\vehicle_21_20250404_133020.jpg
20250404_133021,21,64.7,snapshots\vehicle_21_20250404_133021.jpg
20250404_133021,21,67.4,snapshots\vehicle_21_20250404_133021.jpg
20250404_133021,21,70.4,snapshots\vehicle_21_20250404_133021.jpg
20250404_133021,21,73.2,snapshots\vehicle_21_20250404_133021.jpg
20250404_133021,21,74.9,snapshots\vehicle_21_20250404_133021.jpg
20250404_133021,21,72.4,snapshots\vehicle_21_20250404_133021.jpg
20250404_133021,24,52.2,snapshots\vehicle_24_20250404_133021.jpg
20250404_133021,21,69.8,snapshots\vehicle_21_20250404_133021.jpg
20250404_133021,24,56.4,snapshots\vehicle_24_20250404_133021.jpg
20250404_133021,21,67.4,snapshots\vehicle_21_20250404_133021.jpg
20250404_133021,24,61.5,snapshots\vehicle_24_20250404_133021.jpg
20250404_133021,21,66.6,snapshots\vehicle_21_20250404_133021.jpg
20250404_133021,24,66.7,snapshots\vehicle_24_20250404_133021.jpg
20250404_133021,21,66.5,snapshots\vehicle_21_20250404_133021.jpg
20250404_133021,24,70.1,snapshots\vehicle_24_20250404_133021.jpg
20250404_133021,21,66.5,snapshots\vehicle_21_20250404_133021.jpg
20250404_133021,24,70.2,snapshots\vehicle_24_20250404_133021.jpg
20250404_133021,21,66.5,snapshots\vehicle_21_20250404_133021.jpg
20250404_133021,24,69.4,snapshots\vehicle_24_20250404_133021.jpg
20250404_133021,21,66.5,snapshots\vehicle_21_20250404_133021.jpg
20250404_133021,24,69.1,snapshots\vehicle_24_20250404_133021.jpg
20250404_133022,21,66.5,snapshots\vehicle_21_20250404_133022.jpg
20250404_133022,24,68.6,snapshots\vehicle_24_20250404_133022.jpg
20250404_133022,21,66.5,snapshots\vehicle_21_20250404_133022.jpg
20250404_133022,24,68.4,snapshots\vehicle_24_20250404_133022.jpg
20250404_133022,21,66.5,snapshots\vehicle_21_20250404_133022.jpg
20250404_133022,24,68.4,snapshots\vehicle_24_20250404_133022.jpg
20250404_133022,21,66.5,snapshots\vehicle_21_20250404_133022.jpg
20250404_133022,24,68.4,snapshots\vehicle_24_20250404_133022.jpg
20250404_133022,21,66.5,snapshots\vehicle_21_20250404_133022.jpg
20250404_133022,24,68.4,snapshots\vehicle_24_20250404_133022.jpg
20250404_133022,21,66.5,snapshots\vehicle_21_20250404_133022.jpg
20250404_133022,24,68.4,snapshots\vehicle_24_20250404_133022.jpg
20250404_133022,21,66.5,snapshots\vehicle_21_20250404_133022.jpg
20250404_133022,24,68.4,snapshots\vehicle_24_20250404_133022.jpg
20250404_133022,24,68.4,snapshots\vehicle_24_20250404_133022.jpg
20250404_133022,24,68.4,snapshots\vehicle_24_20250404_133022.jpg
20250404_133022,24,68.4,snapshots\vehicle_24_20250404_133022.jpg
20250404_133022,24,68.4,snapshots\vehicle_24_20250404_133022.jpg
20250404_133023,25,51.9,snapshots\vehicle_25_20250404_133023.jpg
20250404_133023,25,55.3,snapshots\vehicle_25_20250404_133023.jpg
20250404_133023,25,59.3,snapshots\vehicle_25_20250404_133023.jpg
20250404_133023,25,60.4,snapshots\vehicle_25_20250404_133023.jpg
20250404_133023,25,70.0,snapshots\vehicle_25_20250404_133023.jpg
20250404_133023,25,75.7,snapshots\vehicle_25_20250404_133023.jpg
20250404_133023,25,79.8,snapshots\vehicle_25_20250404_133023.jpg
20250404_133024,25,83.6,snapshots\vehicle_25_20250404_133024.jpg
20250404_133024,25,83.4,snapshots\vehicle_25_20250404_133024.jpg
20250404_133024,25,81.9,snapshots\vehicle_25_20250404_133024.jpg
20250404_133024,25,79.9,snapshots\vehicle_25_20250404_133024.jpg
20250404_133024,25,77.9,snapshots\vehicle_25_20250404_133024.jpg
20250404_133024,25,76.1,snapshots\vehicle_25_20250404_133024.jpg
20250404_133024,25,75.6,snapshots\vehicle_25_20250404_133024.jpg
20250404_133024,25,75.5,snapshots\vehicle_25_20250404_133024.jpg
20250404_133024,25,75.4,snapshots\vehicle_25_20250404_133024.jpg
20250404_133024,25,75.4,snapshots\vehicle_25_20250404_133024.jpg
20250404_133024,25,75.4,snapshots\vehicle_25_20250404_133024.jpg
20250404_133024,25,75.4,snapshots\vehicle_25_20250404_133024.jpg
20250404_133024,25,75.4,snapshots\vehicle_25_20250404_133024.jpg
20250404_133025,25,75.4,snapshots\vehicle_25_20250404_133025.jpg
20250404_133025,25,75.4,snapshots\vehicle_25_20250404_133025.jpg
20250404_133025,25,75.4,snapshots\vehicle_25_20250404_133025.jpg
20250404_133025,29,51.9,snapshots\vehicle_29_20250404_133025.jpg
20250404_133025,29,54.9,snapshots\vehicle_29_20250404_133025.jpg
20250404_133025,29,56.0,snapshots\vehicle_29_20250404_133025.jpg
20250404_133025,29,63.1,snapshots\vehicle_29_20250404_133025.jpg
20250404_133025,29,68.8,snapshots\vehicle_29_20250404_133025.jpg
20250404_133025,29,70.5,snapshots\vehicle_29_20250404_133025.jpg
20250404_133026,29,71.0,snapshots\vehicle_29_20250404_133026.jpg
20250404_133026,29,77.5,snapshots\vehicle_29_20250404_133026.jpg
20250404_133026,29,79.2,snapshots\vehicle_29_20250404_133026.jpg
20250404_133026,29,79.0,snapshots\vehicle_29_20250404_133026.jpg
20250404_133026,29,77.4,snapshots\vehicle_29_20250404_133026.jpg
20250404_133026,29,77.0,snapshots\vehicle_29_20250404_133026.jpg
20250404_133026,29,76.8,snapshots\vehicle_29_20250404_133026.jpg
20250404_133026,29,76.8,snapshots\vehicle_29_20250404_133026.jpg
20250404_133026,29,76.8,snapshots\vehicle_29_20250404_133026.jpg
20250404_133026,29,76.8,snapshots\vehicle_29_20250404_133026.jpg
20250404_133026,29,76.8,snapshots\vehicle_29_20250404_133026.jpg
20250404_133026,29,76.8,snapshots\vehicle_29_20250404_133026.jpg
20250404_133027,29,76.8,snapshots\vehicle_29_20250404_133027.jpg
20250404_133027,29,76.8,snapshots\vehicle_29_20250404_133027.jpg
20250404_133027,29,76.8,snapshots\vehicle_29_20250404_133027.jpg
20250404_133028,30,50.1,snapshots\vehicle_30_20250404_133028.jpg
20250404_133028,33,50.5,snapshots\vehicle_33_20250404_133028.jpg
20250404_133028,30,53.9,snapshots\vehicle_30_20250404_133028.jpg
20250404_133028,33,53.9,snapshots\vehicle_33_20250404_133028.jpg
20250404_133028,30,56.9,snapshots\vehicle_30_20250404_133028.jpg
20250404_133028,33,57.6,snapshots\vehicle_33_20250404_133028.jpg
20250404_133028,30,56.4,snapshots\vehicle_30_20250404_133028.jpg
20250404_133028,33,60.4,snapshots\vehicle_33_20250404_133028.jpg
20250404_133028,30,55.8,snapshots\vehicle_30_20250404_133028.jpg
20250404_133028,33,60.9,snapshots\vehicle_33_20250404_133028.jpg
20250404_133028,30,54.0,snapshots\vehicle_30_20250404_133028.jpg
20250404_133028,33,60.3,snapshots\vehicle_33_20250404_133028.jpg
20250404_133028,30,52.0,snapshots\vehicle_30_20250404_133028.jpg
20250404_133028,33,60.1,snapshots\vehicle_33_20250404_133028.jpg
20250404_133028,30,51.1,snapshots\vehicle_30_20250404_133028.jpg
20250404_133028,33,62.4,snapshots\vehicle_33_20250404_133028.jpg
20250404_133028,33,61.7,snapshots\vehicle_33_20250404_133028.jpg
20250404_133028,33,61.5,snapshots\vehicle_33_20250404_133028.jpg
20250404_133028,33,61.4,snapshots\vehicle_33_20250404_133028.jpg
20250404_133028,31,50.4,snapshots\vehicle_31_20250404_133028.jpg
20250404_133028,33,61.4,snapshots\vehicle_33_20250404_133028.jpg
20250404_133028,31,53.9,snapshots\vehicle_31_20250404_133028.jpg
20250404_133028,33,61.4,snapshots\vehicle_33_20250404_133028.jpg
20250404_133029,31,57.9,snapshots\vehicle_31_20250404_133029.jpg
20250404_133029,33,61.4,snapshots\vehicle_33_20250404_133029.jpg
20250404_133029,31,62.6,snapshots\vehicle_31_20250404_133029.jpg
20250404_133029,33,61.4,snapshots\vehicle_33_20250404_133029.jpg
20250404_133029,31,65.8,snapshots\vehicle_31_20250404_133029.jpg
20250404_133029,33,61.4,snapshots\vehicle_33_20250404_133029.jpg
20250404_133029,31,68.9,snapshots\vehicle_31_20250404_133029.jpg
20250404_133029,33,61.4,snapshots\vehicle_33_20250404_133029.jpg
20250404_133029,31,71.7,snapshots\vehicle_31_20250404_133029.jpg
20250404_133029,33,61.4,snapshots\vehicle_33_20250404_133029.jpg
20250404_133029,31,74.0,snapshots\vehicle_31_20250404_133029.jpg
20250404_133029,33,61.4,snapshots\vehicle_33_20250404_133029.jpg
20250404_133029,31,73.4,snapshots\vehicle_31_20250404_133029.jpg
20250404_133029,31,71.0,snapshots\vehicle_31_20250404_133029.jpg
20250404_133029,31,68.2,snapshots\vehicle_31_20250404_133029.jpg
20250404_133029,31,65.8,snapshots\vehicle_31_20250404_133029.jpg
20250404_133029,31,63.6,snapshots\vehicle_31_20250404_133029.jpg
20250404_133029,31,62.9,snapshots\vehicle_31_20250404_133029.jpg
20250404_133030,31,62.7,snapshots\vehicle_31_20250404_133030.jpg
20250404_133030,31,62.7,snapshots\vehicle_31_20250404_133030.jpg
20250404_133030,34,52.5,snapshots\vehicle_34_20250404_133030.jpg
20250404_133030,31,62.6,snapshots\vehicle_31_20250404_133030.jpg
20250404_133030,34,55.5,snapshots\vehicle_34_20250404_133030.jpg
20250404_133030,31,62.6,snapshots\vehicle_31_20250404_133030.jpg
20250404_133030,34,55.2,snapshots\vehicle_34_20250404_133030.jpg
20250404_133030,31,62.6,snapshots\vehicle_31_20250404_133030.jpg
20250404_133030,34,54.9,snapshots\vehicle_34_20250404_133030.jpg
20250404_133030,31,62.6,snapshots\vehicle_31_20250404_133030.jpg
20250404_133030,34,54.4,snapshots\vehicle_34_20250404_133030.jpg
20250404_133030,31,62.6,snapshots\vehicle_31_20250404_133030.jpg
20250404_133030,34,52.8,snapshots\vehicle_34_20250404_133030.jpg
20250404_133030,31,62.6,snapshots\vehicle_31_20250404_133030.jpg
20250404_133030,34,51.1,snapshots\vehicle_34_20250404_133030.jpg
20250404_133030,31,62.6,snapshots\vehicle_31_20250404_133030.jpg
20250404_133032,50,50.8,snapshots\vehicle_50_20250404_133032.jpg
20250404_133032,50,54.7,snapshots\vehicle_50_20250404_133032.jpg
20250404_133032,50,58.2,snapshots\vehicle_50_20250404_133032.jpg
20250404_133032,50,62.2,snapshots\vehicle_50_20250404_133032.jpg
20250404_133032,50,65.5,snapshots\vehicle_50_20250404_133032.jpg
20250404_133032,50,67.9,snapshots\vehicle_50_20250404_133032.jpg
20250404_133032,50,71.9,snapshots\vehicle_50_20250404_133032.jpg
20250404_133032,50,73.1,snapshots\vehicle_50_20250404_133032.jpg
20250404_133033,50,71.7,snapshots\vehicle_50_20250404_133033.jpg
20250404_133033,50,70.1,snapshots\vehicle_50_20250404_133033.jpg
20250404_133033,50,68.0,snapshots\vehicle_50_20250404_133033.jpg
20250404_133033,50,66.0,snapshots\vehicle_50_20250404_133033.jpg
20250404_133033,50,63.6,snapshots\vehicle_50_20250404_133033.jpg
20250404_133033,50,62.9,snapshots\vehicle_50_20250404_133033.jpg
20250404_133033,50,62.7,snapshots\vehicle_50_20250404_133033.jpg
20250404_133033,50,62.6,snapshots\vehicle_50_20250404_133033.jpg
20250404_133033,50,62.6,snapshots\vehicle_50_20250404_133033.jpg
20250404_133033,50,62.6,snapshots\vehicle_50_20250404_133033.jpg
20250404_133033,50,62.6,snapshots\vehicle_50_20250404_133033.jpg
20250404_133033,50,62.6,snapshots\vehicle_50_20250404_133033.jpg
20250404_133034,50,62.6,snapshots\vehicle_50_20250404_133034.jpg
20250404_133034,50,62.6,snapshots\vehicle_50_20250404_133034.jpg
20250404_133034,50,62.6,snapshots\vehicle_50_20250404_133034.jpg
20250404_133036,44,51.6,snapshots\vehicle_44_20250404_133036.jpg
20250404_133036,44,54.6,snapshots\vehicle_44_20250404_133036.jpg
20250404_133036,44,58.9,snapshots\vehicle_44_20250404_133036.jpg
20250404_133036,44,61.7,snapshots\vehicle_44_20250404_133036.jpg
20250404_133036,44,63.8,snapshots\vehicle_44_20250404_133036.jpg
20250404_133036,39,51.7,snapshots\vehicle_39_20250404_133036.jpg
20250404_133036,44,66.2,snapshots\vehicle_44_20250404_133036.jpg
20250404_133036,39,54.2,snapshots\vehicle_39_20250404_133036.jpg
20250404_133036,44,65.0,snapshots\vehicle_44_20250404_133036.jpg
20250404_133036,39,58.2,snapshots\vehicle_39_20250404_133036.jpg
20250404_133036,44,64.1,snapshots\vehicle_44_20250404_133036.jpg
20250404_133036,39,62.2,snapshots\vehicle_39_20250404_133036.jpg
20250404_133036,44,61.6,snapshots\vehicle_44_20250404_133036.jpg
20250404_133037,39,64.4,snapshots\vehicle_39_20250404_133037.jpg
20250404_133037,44,59.3,snapshots\vehicle_44_20250404_133037.jpg
20250404_133037,39,66.8,snapshots\vehicle_39_20250404_133037.jpg
20250404_133037,44,57.1,snapshots\vehicle_44_20250404_133037.jpg
20250404_133037,39,65.9,snapshots\vehicle_39_20250404_133037.jpg
20250404_133037,44,56.5,snapshots\vehicle_44_20250404_133037.jpg
20250404_133037,39,65.6,snapshots\vehicle_39_20250404_133037.jpg
20250404_133037,44,56.3,snapshots\vehicle_44_20250404_133037.jpg
20250404_133037,39,65.5,snapshots\vehicle_39_20250404_133037.jpg
20250404_133037,44,56.2,snapshots\vehicle_44_20250404_133037.jpg
20250404_133037,39,65.5,snapshots\vehicle_39_20250404_133037.jpg
20250404_133037,44,56.2,snapshots\vehicle_44_20250404_133037.jpg
20250404_133037,39,65.5,snapshots\vehicle_39_20250404_133037.jpg
20250404_133037,44,56.2,snapshots\vehicle_44_20250404_133037.jpg
20250404_133037,39,65.5,snapshots\vehicle_39_20250404_133037.jpg
20250404_133037,44,56.2,snapshots\vehicle_44_20250404_133037.jpg
20250404_133037,39,65.5,snapshots\vehicle_39_20250404_133037.jpg
20250404_133037,44,56.2,snapshots\vehicle_44_20250404_133037.jpg
20250404_133037,39,65.5,snapshots\vehicle_39_20250404_133037.jpg
20250404_133037,44,56.2,snapshots\vehicle_44_20250404_133037.jpg
20250404_133037,39,65.5,snapshots\vehicle_39_20250404_133037.jpg
20250404_133037,44,56.2,snapshots\vehicle_44_20250404_133037.jpg
20250404_133037,39,65.5,snapshots\vehicle_39_20250404_133037.jpg
20250404_133037,44,56.2,snapshots\vehicle_44_20250404_133037.jpg
20250404_133037,39,65.5,snapshots\vehicle_39_20250404_133037.jpg
20250404_133039,54,50.4,snapshots\vehicle_54_20250404_133039.jpg
20250404_133039,54,54.2,snapshots\vehicle_54_20250404_133039.jpg
20250404_133039,54,57.2,snapshots\vehicle_54_20250404_133039.jpg
20250404_133039,54,58.1,snapshots\vehicle_54_20250404_133039.jpg
20250404_133039,54,58.0,snapshots\vehicle_54_20250404_133039.jpg
20250404_133039,54,55.9,snapshots\vehicle_54_20250404_133039.jpg
20250404_133040,54,55.2,snapshots\vehicle_54_20250404_133040.jpg
20250404_133040,54,53.4,snapshots\vehicle_54_20250404_133040.jpg
20250404_133040,54,51.0,snapshots\vehicle_54_20250404_133040.jpg
20250404_133040,42,52.9,snapshots\vehicle_42_20250404_133040.jpg
20250404_133040,42,57.1,snapshots\vehicle_42_20250404_133040.jpg
20250404_133040,42,61.9,snapshots\vehicle_42_20250404_133040.jpg
20250404_133040,42,64.0,snapshots\vehicle_42_20250404_133040.jpg
20250404_133040,42,64.3,snapshots\vehicle_42_20250404_133040.jpg
20250404_133041,42,63.6,snapshots\vehicle_42_20250404_133041.jpg
20250404_133041,42,63.4,snapshots\vehicle_42_20250404_133041.jpg
20250404_133041,42,63.4,snapshots\vehicle_42_20250404_133041.jpg
20250404_133041,42,63.4,snapshots\vehicle_42_20250404_133041.jpg
20250404_133041,42,63.4,snapshots\vehicle_42_20250404_133041.jpg
20250404_133041,42,63.4,snapshots\vehicle_42_20250404_133041.jpg
20250404_133041,42,63.4,snapshots\vehicle_42_20250404_133041.jpg
20250404_133041,42,63.4,snapshots\vehicle_42_20250404_133041.jpg
20250404_133041,42,63.4,snapshots\vehicle_42_20250404_133041.jpg
20250404_133041,42,63.4,snapshots\vehicle_42_20250404_133041.jpg
20250404_133041,42,63.4,snapshots\vehicle_42_20250404_133041.jpg
20250404_133043,53,52.1,snapshots\vehicle_53_20250404_133043.jpg
20250404_133043,53,56.1,snapshots\vehicle_53_20250404_133043.jpg
20250404_133043,53,57.4,snapshots\vehicle_53_20250404_133043.jpg
20250404_133043,53,59.7,snapshots\vehicle_53_20250404_133043.jpg
20250404_133043,53,62.7,snapshots\vehicle_53_20250404_133043.jpg
20250404_133043,53,66.1,snapshots\vehicle_53_20250404_133043.jpg
20250404_133043,53,66.9,snapshots\vehicle_53_20250404_133043.jpg
20250404_133043,53,66.2,snapshots\vehicle_53_20250404_133043.jpg
20250404_133044,53,64.2,snapshots\vehicle_53_20250404_133044.jpg
20250404_133044,53,62.8,snapshots\vehicle_53_20250404_133044.jpg
20250404_133044,53,62.4,snapshots\vehicle_53_20250404_133044.jpg
20250404_133044,53,62.3,snapshots\vehicle_53_20250404_133044.jpg
20250404_133044,53,62.3,snapshots\vehicle_53_20250404_133044.jpg
20250404_133044,53,62.2,snapshots\vehicle_53_20250404_133044.jpg
20250404_133044,53,62.2,snapshots\vehicle_53_20250404_133044.jpg
20250404_133044,53,62.2,snapshots\vehicle_53_20250404_133044.jpg
20250404_133044,53,62.2,snapshots\vehicle_53_20250404_133044.jpg
20250404_133044,53,62.2,snapshots\vehicle_53_20250404_133044.jpg
20250404_133044,53,62.2,snapshots\vehicle_53_20250404_133044.jpg
20250404_133044,53,62.2,snapshots\vehicle_53_20250404_133044.jpg
20250404_133048,59,52.4,snapshots\vehicle_59_20250404_133048.jpg
20250404_133048,59,56.6,snapshots\vehicle_59_20250404_133048.jpg
20250404_133048,59,57.2,snapshots\vehicle_59_20250404_133048.jpg
20250404_133048,59,57.6,snapshots\vehicle_59_20250404_133048.jpg
20250404_133048,66,50.4,snapshots\vehicle_66_20250404_133048.jpg
20250404_133048,59,56.7,snapshots\vehicle_59_20250404_133048.jpg
20250404_133048,66,50.7,snapshots\vehicle_66_20250404_133048.jpg
20250404_133048,59,55.2,snapshots\vehicle_59_20250404_133048.jpg
20250404_133048,66,50.1,snapshots\vehicle_66_20250404_133048.jpg
20250404_133048,59,53.9,snapshots\vehicle_59_20250404_133048.jpg
20250404_133048,59,53.5,snapshots\vehicle_59_20250404_133048.jpg
20250404_133048,59,53.4,snapshots\vehicle_59_20250404_133048.jpg
20250404_133048,59,60.1,snapshots\vehicle_59_20250404_133048.jpg
20250404_133049,59,62.1,snapshots\vehicle_59_20250404_133049.jpg
20250404_133049,59,62.7,snapshots\vehicle_59_20250404_133049.jpg
20250404_133049,66,52.4,snapshots\vehicle_66_20250404_133049.jpg
20250404_133049,59,62.9,snapshots\vehicle_59_20250404_133049.jpg
20250404_133049,66,53.2,snapshots\vehicle_66_20250404_133049.jpg
20250404_133049,59,63.0,snapshots\vehicle_59_20250404_133049.jpg
20250404_133049,66,53.4,snapshots\vehicle_66_20250404_133049.jpg
20250404_133049,59,63.0,snapshots\vehicle_59_20250404_133049.jpg
20250404_133049,66,53.5,snapshots\vehicle_66_20250404_133049.jpg
20250404_133049,59,63.0,snapshots\vehicle_59_20250404_133049.jpg
20250404_133049,66,53.5,snapshots\vehicle_66_20250404_133049.jpg
20250404_133049,59,63.0,snapshots\vehicle_59_20250404_133049.jpg
20250404_133049,66,53.5,snapshots\vehicle_66_20250404_133049.jpg
20250404_133049,67,52.5,snapshots\vehicle_67_20250404_133049.jpg
20250404_133049,59,63.0,snapshots\vehicle_59_20250404_133049.jpg
20250404_133049,66,53.5,snapshots\vehicle_66_20250404_133049.jpg
20250404_133049,67,55.4,snapshots\vehicle_67_20250404_133049.jpg
20250404_133049,59,63.0,snapshots\vehicle_59_20250404_133049.jpg
20250404_133049,66,53.5,snapshots\vehicle_66_20250404_133049.jpg
20250404_133049,67,58.5,snapshots\vehicle_67_20250404_133049.jpg
20250404_133049,59,63.0,snapshots\vehicle_59_20250404_133049.jpg
20250404_133049,66,53.5,snapshots\vehicle_66_20250404_133049.jpg
20250404_133049,67,62.6,snapshots\vehicle_67_20250404_133049.jpg
20250404_133049,66,53.5,snapshots\vehicle_66_20250404_133049.jpg
20250404_133049,67,67.0,snapshots\vehicle_67_20250404_133049.jpg
20250404_133049,66,53.5,snapshots\vehicle_66_20250404_133049.jpg
20250404_133049,67,72.1,snapshots\vehicle_67_20250404_133049.jpg
20250404_133050,66,53.5,snapshots\vehicle_66_20250404_133050.jpg
20250404_133050,67,72.6,snapshots\vehicle_67_20250404_133050.jpg
20250404_133050,67,71.0,snapshots\vehicle_67_20250404_133050.jpg
20250404_133050,67,68.9,snapshots\vehicle_67_20250404_133050.jpg
20250404_133050,67,66.7,snapshots\vehicle_67_20250404_133050.jpg
20250404_133050,67,64.5,snapshots\vehicle_67_20250404_133050.jpg
20250404_133050,67,62.3,snapshots\vehicle_67_20250404_133050.jpg
20250404_133050,65,50.1,snapshots\vehicle_65_20250404_133050.jpg
20250404_133050,67,59.5,snapshots\vehicle_67_20250404_133050.jpg
20250404_133050,65,54.3,snapshots\vehicle_65_20250404_133050.jpg
20250404_133050,67,58.6,snapshots\vehicle_67_20250404_133050.jpg
20250404_133050,65,57.0,snapshots\vehicle_65_20250404_133050.jpg
20250404_133050,67,58.4,snapshots\vehicle_67_20250404_133050.jpg
20250404_133050,65,60.0,snapshots\vehicle_65_20250404_133050.jpg
20250404_133050,67,58.3,snapshots\vehicle_67_20250404_133050.jpg
20250404_133050,65,62.7,snapshots\vehicle_65_20250404_133050.jpg
20250404_133050,67,58.3,snapshots\vehicle_67_20250404_133050.jpg
20250404_133050,65,65.5,snapshots\vehicle_65_20250404_133050.jpg
20250404_133050,67,58.3,snapshots\vehicle_67_20250404_133050.jpg
20250404_133051,65,68.1,snapshots\vehicle_65_20250404_133051.jpg
20250404_133051,67,58.3,snapshots\vehicle_67_20250404_133051.jpg
20250404_133051,65,69.4,snapshots\vehicle_65_20250404_133051.jpg
20250404_133051,67,58.3,snapshots\vehicle_67_20250404_133051.jpg
20250404_133051,65,67.4,snapshots\vehicle_65_20250404_133051.jpg
20250404_133051,67,58.3,snapshots\vehicle_67_20250404_133051.jpg
20250404_133051,65,66.5,snapshots\vehicle_65_20250404_133051.jpg
20250404_133051,67,58.3,snapshots\vehicle_67_20250404_133051.jpg
20250404_133051,65,64.8,snapshots\vehicle_65_20250404_133051.jpg
20250404_133051,67,58.3,snapshots\vehicle_67_20250404_133051.jpg
20250404_133051,65,64.3,snapshots\vehicle_65_20250404_133051.jpg
20250404_133051,65,64.1,snapshots\vehicle_65_20250404_133051.jpg
